Categoria,Produto,Variações/Cores,Imagem (link)
Tecidos e Veludos,Veludo Bouclé Belluno,Erva Doce,https://www.decoratecidos.com.br/boucle-belluno/verde-erva-doce
Tecidos e Veludos,Veludo Bouclé Belluno,Cru / Off White,https://www.decoratecidos.com.br/boucle-belluno/off-white
Tecidos e Veludos,Veludo Bouclé Belluno,Cinza,https://www.decoratecidos.com.br/boucle-belluno/cinza
Tecidos e Veludos,Veludo Bouclé Belluno,Terracota,https://www.decoratecidos.com.br/boucle-belluno/terracota
Tecidos e Veludos,Veludo Bouclé Belluno,Cinza Chumbo,https://www.decoratecidos.com.br/boucle-belluno/cinza-chumbo
Tecidos e Veludos,Veludo Bouclé Belluno,Bege Marfim,https://www.decoratecidos.com.br/boucle-belluno/bege-marfim
Tecidos e Veludos,Veludo Bouclé Belluno,Marrom Claro,https://www.decoratecidos.com.br/tecidos-para-cadeira-e-sofa/revestimento-cadeira-sofa-e-poltrona/veludo-boucle/tecido-veludo-boucle-belluno-marrom-claro-1-40m-largura
Tecidos e Veludos,Veludo Bouclé Belluno,Amarelo Dourado,https://www.decoratecidos.com.br/tecidos-para-cadeira-e-sofa/revestimento-cadeira-sofa-e-poltrona/veludo-boucle/tecido-veludo-boucle-belluno-amarelo-dourado-1-40m-largura
Tecidos e Veludos,Veludo Paris,Verde,https://corttex.com.br/produtos/veludo-paris/
Tecidos e Veludos,Veludo Paris,Verde Petróleo,https://corttex.com.br/produtos/veludo-paris/
Tecidos e Veludos,Veludo Paris,Preto,https://corttex.com.br/produtos/veludo-paris/
Tecidos e Veludos,Veludo Paris,Prata,https://corttex.com.br/produtos/veludo-paris/
Tecidos e Veludos,Veludo Paris,Bege,https://corttex.com.br/produtos/veludo-paris/
Tecidos e Veludos,Veludo Paris,Marrom,https://corttex.com.br/produtos/veludo-paris/
Tecidos e Veludos,Veludo Paris,Natural,https://corttex.com.br/produtos/veludo-paris/
Tecidos e Veludos,Veludo Paris,Azul,https://corttex.com.br/produtos/veludo-paris/
Tecidos e Veludos,Veludo Paris,Grafite,https://corttex.com.br/produtos/veludo-paris/
Tecidos e Veludos,Veludo Paris,Rose,https://corttex.com.br/produtos/veludo-paris/
Tecidos e Veludos,Veludo Paris,Bege 2,https://corttex.com.br/produtos/veludo-paris/
Tecidos e Veludos,Veludo Paris,Vermelho,https://corttex.com.br/produtos/veludo-paris/
Tecidos e Veludos,Veludo Paris,Lilás,https://corttex.com.br/produtos/veludo-paris/
Tecidos e Veludos,Veludo Paris,Cinza,https://corttex.com.br/produtos/veludo-paris/
Tecidos e Veludos,Veludo Paris,Marrom II,https://corttex.com.br/produtos/veludo-paris/
Tecidos e Veludos,Veludo Paris,Ferrugem,https://corttex.com.br/produtos/veludo-paris/
Tecidos e Veludos,Veludo Paris,Chocolate,https://corttex.com.br/produtos/veludo-paris/
Tecidos e Veludos,Veludo Paris,Azul Marinho,https://corttex.com.br/produtos/veludo-paris/
Tecidos e Veludos,Veludo Paris,Vermelho II,https://corttex.com.br/produtos/veludo-paris/
Tecidos e Veludos,Veludo Paris,Marfim,https://corttex.com.br/produtos/veludo-paris/
Tecidos e Veludos,Veludo Verona,Marfim,https://www.oasisdecoracoes.com.br/categoria/verona.html
Tecidos e Veludos,Veludo Verona,Marrom,https://www.oasisdecoracoes.com.br/categoria/verona.html
Tecidos e Veludos,Veludo Verona,Grafite,https://www.oasisdecoracoes.com.br/categoria/verona.html
Tecidos e Veludos,Veludo Verona,Preto,https://www.oasisdecoracoes.com.br/categoria/verona.html
Tecidos e Veludos,Veludo Verona,Cappuccino,https://www.oasisdecoracoes.com.br/categoria/verona.html
Tecidos e Veludos,Veludo Verona,Taupe,https://www.oasisdecoracoes.com.br/categoria/verona.html
Tecidos e Veludos,SF Luca,Marfim,https://www.enroladotecidos.com.br/suede-liso
Tecidos e Veludos,Slim Camurça,Camurça,https://www.enroladotecidos.com.br/suede-liso
Tecidos e Veludos,Slim Onix,Cinza,https://www.enroladotecidos.com.br/suede-liso
Tecidos e Veludos,3300 Mileto,Bege,https://www.enroladotecidos.com.br/suede-liso
Tecidos e Veludos,3300 Mileto,Marfim,https://www.enroladotecidos.com.br/suede-liso
Tecidos e Veludos,3300 Mileto,Cinza,https://www.enroladotecidos.com.br/suede-liso
Tecidos e Veludos,3300 Mileto,Terra,https://www.enroladotecidos.com.br/suede-liso
Tecidos e Veludos,3300 Mileto,Indigo,https://www.enroladotecidos.com.br/suede-liso
Tecidos e Veludos,3300 Mileto,Taupe,https://www.enroladotecidos.com.br/suede-liso
Tecidos e Veludos,3300 Mileto,Grafite,https://www.enroladotecidos.com.br/suede-liso
Tecidos e Veludos,Turkey,Rose,https://www.enroladotecidos.com.br/suede-liso
Tecidos e Veludos,Turkey,Cinza,https://www.enroladotecidos.com.br/suede-liso
Tecidos e Veludos,Linho Moorea,Linho,https://www.enroladotecidos.com.br/suede-liso
Tecidos e Veludos,Amsterdam 03,Rose,https://www.enroladotecidos.com.br/suede-liso
Tecidos e Veludos,Chamonix,Marrom,https://www.enroladotecidos.com.br/suede-liso
Tecidos e Veludos,Chamonix,Camurça,https://www.enroladotecidos.com.br/suede-liso
Tecidos e Veludos,Chamonix,Chumbo,https://www.enroladotecidos.com.br/suede-liso
Tecidos e Veludos,Chamonix,Cinza,https://www.enroladotecidos.com.br/suede-liso
Tecidos e Veludos,Chamonix,Rose,https://www.enroladotecidos.com.br/suede-liso
Tecidos e Veludos,Chamonix,Café,https://www.enroladotecidos.com.br/suede-liso
Tecidos e Veludos,Suede Liso,Caramelo,https://www.enroladotecidos.com.br/suede-liso
Tecidos e Veludos,Suede Liso,Rose,https://www.enroladotecidos.com.br/suede-liso
Tecidos e Veludos,Suede Liso,Marfim,https://www.enroladotecidos.com.br/suede-liso
Tecidos e Veludos,Suede Liso,Vermelho,https://www.enroladotecidos.com.br/suede-liso
Tecidos e Veludos,Suede Liso,Marrom II,https://www.enroladotecidos.com.br/suede-liso
Tecidos e Veludos,Suede Liso,Canário,https://www.enroladotecidos.com.br/suede-liso
Tecidos e Veludos,Suede Liso,Azul Turquesa,https://www.enroladotecidos.com.br/suede-liso
Tecidos e Veludos,Suede Liso,Terracota,https://www.enroladotecidos.com.br/suede-liso
Tecidos e Veludos,Suede Liso,Marinho,https://www.enroladotecidos.com.br/suede-liso
Tecidos e Veludos,Suede Liso,Grafite,https://www.enroladotecidos.com.br/suede-liso
Tecidos e Veludos,Suede Liso,Vinho,https://www.enroladotecidos.com.br/suede-liso
Tecidos e Veludos,Suede Liso,Preto,https://www.enroladotecidos.com.br/suede-liso
Tecidos e Veludos,Suede Liso,Natural Bege,https://www.enroladotecidos.com.br/suede-liso
Tecidos e Veludos,Suede Animale,Marrom,https://www.enroladotecidos.com.br/suede-liso
Tecidos e Veludos,Suede Animale,Bege,https://www.enroladotecidos.com.br/suede-liso
Tecidos e Veludos,Suede Animale,Vermelho,https://www.enroladotecidos.com.br/suede-liso
Tecidos e Veludos,Couro Sintético Corsano,Bege,https://www.enroladotecidos.com.br/suede-liso
Tecidos e Veludos,Couro Sintético Corsano,Cinza,https://www.enroladotecidos.com.br/suede-liso
Tecidos e Veludos,Couro Sintético Corsano,Preto,https://www.enroladotecidos.com.br/suede-liso
Tecidos e Veludos,Couro Sintético Corsano,Prata,https://www.enroladotecidos.com.br/suede-liso
Tecidos e Veludos,Couro Sintético Corsano,Marrom Claro,https://www.enroladotecidos.com.br/suede-liso
Tecidos e Veludos,Corano DT,Variadas,(pesquisar - limite de busca)
Tecidos e Veludos,Corino HV,Bege,(pesquisar - limite de busca)
Tecidos e Veludos,Corino HV,Preto,(pesquisar - limite de busca)
Tecidos e Veludos,Corino HV,Branco,(pesquisar - limite de busca)
Tecidos e Veludos,Corino HV,Amarelo,(pesquisar - limite de busca)
Tecidos e Veludos,Corino HV,Cinza,(pesquisar - limite de busca)
Tecidos e Veludos,Corino HV,Vermelho,(pesquisar - limite de busca)
Tecidos e Veludos,Corino HV,Laranja,(pesquisar - limite de busca)
Tecidos e Veludos,Corino HV,Marrom,(pesquisar - limite de busca)
Tecidos e Veludos,Corino HV,Royal,(pesquisar - limite de busca)
Insumos e Espumas,Espuma D14,5m,(pesquisar - limite de busca)
Insumos e Espumas,Espuma D30,Solteiro,(pesquisar - limite de busca)
Insumos e Espumas,Espuma D30,Padrão,(pesquisar - limite de busca)
Insumos e Espumas,Espuma D30,Queen,(pesquisar - limite de busca)
Insumos e Espumas,Espuma D30,King,(pesquisar - limite de busca)
Insumos e Espumas,Espuma D28 Soft,Padrão,(pesquisar - limite de busca)
Insumos e Espumas,Espuma D28 Soft,Queen,(pesquisar - limite de busca)
Insumos e Espumas,Espuma D28 Padrão,Padrão,(pesquisar - limite de busca)
Insumos e Espumas,Espuma D28 Padrão,Queen,(pesquisar - limite de busca)
Insumos e Espumas,Espuma D33,Solteiro,(pesquisar - limite de busca)
Insumos e Espumas,Espuma D33,Padrão,(pesquisar - limite de busca)
Insumos e Espumas,Espuma D33,Queen,(pesquisar - limite de busca)
Insumos e Espumas,Espuma D33,King,(pesquisar - limite de busca)
Insumos e Espumas,Fibra GR100,Rolo,(pesquisar - limite de busca)
Insumos e Espumas,Fibra GR150,Rolo,(pesquisar - limite de busca)
Insumos e Espumas,Fibra Irregular,Padrão,(pesquisar - limite de busca)
Insumos e Espumas,Ripa Cepilhada,Padrão,(pesquisar - limite de busca)
Insumos e Espumas,Percinta para Sofá,Padrão,(pesquisar - limite de busca)
Cortinas e Acessórios,Voil Linho Dohler,Padrão,(pesquisar - limite de busca)
Cortinas e Acessórios,Linho Nix,Prata,(pesquisar - limite de busca)
Cortinas e Acessórios,Linho Nix,Linho,(pesquisar - limite de busca)
Cortinas e Acessórios,Linho Nix,Off White,(pesquisar - limite de busca)
Cortinas e Acessórios,Linho Nix,Cinza,(pesquisar - limite de busca)
Cortinas e Acessórios,Voil Lumina,Padrão,(pesquisar - limite de busca)
Cortinas e Acessórios,Voil Scala,Padrão,(pesquisar - limite de busca)
Cortinas e Acessórios,Voil Flame,Padrão,(pesquisar - limite de busca)
Cortinas e Acessórios,Voil Cristal,Padrão,(pesquisar - limite de busca)
Cortinas e Acessórios,Voil Suíço,Padrão,(pesquisar - limite de busca)
Cortinas e Acessórios,Voil Snow,Padrão,(pesquisar - limite de busca)
Cortinas e Acessórios,Voil Essence,Padrão,(pesquisar - limite de busca)
Cortinas e Acessórios,Blackout Terrazo,Cinza,(pesquisar - limite de busca)
Cortinas e Acessórios,Blackout Terrazo,Off White,(pesquisar - limite de busca)
Cortinas e Acessórios,Blackout Terrazo,Bege,(pesquisar - limite de busca)
Cortinas e Acessórios,Blackout 100% Dupla Face,Padrão,(pesquisar - limite de busca)
Cortinas e Acessórios,Blackout Fosco,Variadas,(pesquisar - limite de busca)
Cortinas e Acessórios,Cortina Duplex Monte Carlo,Padrão,(pesquisar - limite de busca)
Cortinas e Acessórios,Cortina de Cozinha Linhão,Padrão,(pesquisar - limite de busca)
Cortinas e Acessórios,Corta Luz Ilhós,Padrão,(pesquisar - limite de busca)
Cortinas e Acessórios,Varão 19mm,Variadas,(pesquisar - limite de busca)
Cortinas e Acessórios,Varão 28mm,Variadas,(pesquisar - limite de busca)
Cortinas e Acessórios,Varão Wave,Padrão,(pesquisar - limite de busca)
Cortinas e Acessórios,Trilho Deslizante Maxi,Padrão,(pesquisar - limite de busca)
Cortinas e Acessórios,Trilho Suíço,Padrão,(pesquisar - limite de busca)
Cortinas e Acessórios,Motor Cortina WiFi UDM06W,Padrão,(pesquisar - limite de busca)
Cortinas e Acessórios,Emissor Rádio Frequência 1 canal,Padrão,(pesquisar - limite de busca)
Cortinas e Acessórios,Emissor Rádio Frequência 6 canais,Padrão,(pesquisar - limite de busca)
Cortinas e Acessórios,Emissor Rádio Frequência 15 canais,Padrão,(pesquisar - limite de busca)
Cortinas e Acessórios,Correia e Polia para motor,Padrão,(pesquisar - limite de busca)
Cortinas e Acessórios,Tacha Ilhós,Variadas,(pesquisar - limite de busca)
Cortinas e Acessórios,Argola Fina,Padrão,(pesquisar - limite de busca)
Cortinas e Acessórios,Ilhós 28mm Redondo,Padrão,(pesquisar - limite de busca)
Cortinas e Acessórios,Ilhós 28mm Quadrado,Padrão,(pesquisar - limite de busca)
Cortinas e Acessórios,Abraçadeira de Íman,Padrão,(pesquisar - limite de busca)
Cortinas e Acessórios,Gancho para Pingente,Padrão,(pesquisar - limite de busca)
Cortinas e Acessórios,Suporte Inove,Padrão,(pesquisar - limite de busca)
Decoração e Diversos,Cabeceira Modular de Linho Solteiro,Cinza,(pesquisar - limite de busca)
Decoração e Diversos,Cabeceira Modular de Linho Queen,Cinza,(pesquisar - limite de busca)
Decoração e Diversos,Cabeceira Modular Individual,Padrão,(pesquisar - limite de busca)
Decoração e Diversos,Protetor de Colchão,Solteiro,(pesquisar - limite de busca)
Decoração e Diversos,Protetor de Colchão,Casal,(pesquisar - limite de busca)
Decoração e Diversos,Protetor de Colchão,Queen,(pesquisar - limite de busca)
Decoração e Diversos,Protetor de Colchão,King,(pesquisar - limite de busca)
Decoração e Diversos,Protetor de Travesseiro,Padrão,(pesquisar - limite de busca)
Decoração e Diversos,Travesseiro Magnético,Padrão,(pesquisar - limite de busca)
Decoração e Diversos,Travesseiro Cervical,Padrão,(pesquisar - limite de busca)
Decoração e Diversos,Amortecedor Pistão a Gás,Variadas potências,(pesquisar - limite de busca)
Decoração e Diversos,Kit Articulação Box,Padrão,(pesquisar - limite de busca)
Decoração e Diversos,Dobradiças,Padrão,(pesquisar - limite de busca)
Decoração e Diversos,Puxadores,Padrão,(pesquisar - limite de busca)
